{
    "computed_rotation": [
        -0.6089224365627387,
        0.2362972004879621,
        0.2741684296479868,
        0.7058390549384513
    ],
    "true_rotation": [
        -0.6089224365627388,
        0.23629720048796216,
        0.2741684296479868,
        0.7058390549384514
    ],
    "error": 1.2719202621569003e-16,
    "tol": 0.0001,
    "passed": true,
    "test_type": "complementary_filter_update"
}